{
  "_analysis_scope": {
    "levels": [
      "L3"
    ],
    "conditions": [
      "true_self",
      "shuffled",
      "null_control"
    ],
    "capture_format": "logits",
    "top_k": 8,
    "expert_id": 114
  },
  "L3": {
    "stats": {
      "true_self": {
        "n_generated_tokens": 640,
        "n_layers": 40,
        "n_experts": 256,
        "W": 0.007277,
        "S": 0.055938,
        "Q": 0.130095,
        "n_selected_pairs": 1432,
        "n_total_pairs": 25600,
        "W_reconstructed_from_SQ": 0.007277,
        "per_layer_weight": [
          0.002254,
          0.00574,
          0.002536,
          0.004112,
          0.000271,
          0.015658,
          0.008239,
          0.0,
          0.027588,
          0.001592,
          0.006908,
          0.013984,
          0.000165,
          0.001202,
          0.046561,
          0.0,
          0.0,
          0.020577,
          0.0,
          0.0,
          0.043376,
          0.002429,
          0.004586,
          0.010378,
          0.001489,
          0.0005,
          0.046879,
          0.0,
          0.000377,
          0.011421,
          0.0,
          0.000155,
          0.0,
          0.0,
          0.000326,
          0.010311,
          0.000297,
          0.001032,
          0.0,
          0.000145
        ],
        "per_layer_selection": [
          0.026562,
          0.045312,
          0.023438,
          0.0375,
          0.003125,
          0.09375,
          0.05625,
          0.0,
          0.260937,
          0.015625,
          0.076563,
          0.082812,
          0.001563,
          0.010937,
          0.314063,
          0.0,
          0.0,
          0.13125,
          0.0,
          0.0,
          0.395313,
          0.026562,
          0.045312,
          0.064062,
          0.017188,
          0.004687,
          0.323437,
          0.0,
          0.003125,
          0.08125,
          0.0,
          0.001563,
          0.0,
          0.0,
          0.003125,
          0.075,
          0.003125,
          0.0125,
          0.0,
          0.001563
        ],
        "per_layer_Q": [
          0.084849,
          0.126669,
          0.108182,
          0.109656,
          0.086586,
          0.167016,
          0.14647,
          0.0,
          0.105727,
          0.101909,
          0.090224,
          0.168859,
          0.105525,
          0.109928,
          0.148254,
          0.0,
          0.0,
          0.156774,
          0.0,
          0.0,
          0.109726,
          0.09146,
          0.101198,
          0.162,
          0.086658,
          0.106648,
          0.14494,
          0.0,
          0.120749,
          0.140565,
          0.0,
          0.09951,
          0.0,
          0.0,
          0.104434,
          0.137481,
          0.094979,
          0.082547,
          0.0,
          0.092932
        ],
        "deltanet_mean_weight": 0.0084,
        "deltanet_mean_selection": 0.065833,
        "attention_mean_weight": 0.003909,
        "attention_mean_selection": 0.02625,
        "layer20_weight": 0.043376,
        "layer20_selection": 0.395313,
        "capture_format": "logits",
        "top_k": 8,
        "generation_mask_coverage": 1.0,
        "deltanet_layers": [
          0,
          1,
          2,
          4,
          5,
          6,
          8,
          9,
          10,
          12,
          13,
          14,
          16,
          17,
          18,
          20,
          21,
          22,
          24,
          25,
          26,
          28,
          29,
          30,
          32,
          33,
          34,
          36,
          37,
          38
        ],
        "attention_layers": [
          3,
          7,
          11,
          15,
          19,
          23,
          27,
          31,
          35,
          39
        ]
      },
      "shuffled": {
        "n_generated_tokens": 1530,
        "n_layers": 40,
        "n_experts": 256,
        "W": 0.005279,
        "S": 0.041895,
        "Q": 0.12601,
        "n_selected_pairs": 2564,
        "n_total_pairs": 61200,
        "W_reconstructed_from_SQ": 0.005279,
        "per_layer_weight": [
          0.001809,
          0.003169,
          0.001832,
          0.002373,
          0.000405,
          0.009839,
          0.007483,
          0.0,
          0.016393,
          0.000505,
          0.006809,
          0.012692,
          0.000946,
          0.001568,
          0.028438,
          0.0,
          0.000179,
          0.015726,
          0.0,
          0.0,
          0.028043,
          0.000532,
          0.0044,
          0.010991,
          0.002887,
          0.00121,
          0.029176,
          0.0,
          0.000886,
          0.009705,
          0.0,
          0.00039,
          0.0,
          0.000158,
          0.000638,
          0.009507,
          0.0,
          0.001689,
          0.000707,
          8.1e-05
        ],
        "per_layer_selection": [
          0.020261,
          0.02549,
          0.017647,
          0.019608,
          0.004575,
          0.069281,
          0.045752,
          0.0,
          0.160784,
          0.005882,
          0.071242,
          0.071242,
          0.010458,
          0.013725,
          0.208497,
          0.0,
          0.001961,
          0.099346,
          0.0,
          0.0,
          0.260131,
          0.005229,
          0.045752,
          0.064706,
          0.03268,
          0.011111,
          0.222876,
          0.0,
          0.007843,
          0.066667,
          0.0,
          0.003922,
          0.0,
          0.001307,
          0.00719,
          0.073856,
          0.0,
          0.018954,
          0.006536,
          0.001307
        ],
        "per_layer_Q": [
          0.089273,
          0.124339,
          0.103807,
          0.121027,
          0.088565,
          0.142018,
          0.163553,
          0.0,
          0.101956,
          0.085886,
          0.095574,
          0.178154,
          0.090487,
          0.114263,
          0.136396,
          0.0,
          0.091129,
          0.158299,
          0.0,
          0.0,
          0.107803,
          0.101792,
          0.096181,
          0.169854,
          0.08835,
          0.108915,
          0.130907,
          0.0,
          0.112978,
          0.145579,
          0.0,
          0.099532,
          0.0,
          0.120935,
          0.088748,
          0.128727,
          0.0,
          0.089104,
          0.108216,
          0.062148
        ],
        "deltanet_mean_weight": 0.005838,
        "deltanet_mean_selection": 0.048039,
        "attention_mean_weight": 0.003603,
        "attention_mean_selection": 0.023464,
        "layer20_weight": 0.028043,
        "layer20_selection": 0.260131,
        "capture_format": "logits",
        "top_k": 8,
        "generation_mask_coverage": 1.0,
        "deltanet_layers": [
          0,
          1,
          2,
          4,
          5,
          6,
          8,
          9,
          10,
          12,
          13,
          14,
          16,
          17,
          18,
          20,
          21,
          22,
          24,
          25,
          26,
          28,
          29,
          30,
          32,
          33,
          34,
          36,
          37,
          38
        ],
        "attention_layers": [
          3,
          7,
          11,
          15,
          19,
          23,
          27,
          31,
          35,
          39
        ]
      },
      "null_control": {
        "n_generated_tokens": 1004,
        "n_layers": 40,
        "n_experts": 256,
        "W": 0.002497,
        "S": 0.019522,
        "Q": 0.127907,
        "n_selected_pairs": 784,
        "n_total_pairs": 40160,
        "W_reconstructed_from_SQ": 0.002497,