{
  "n_prompts": 180,
  "overall_min": 430,
  "overall_max": 444,
  "overall_span": 14,
  "overall_mean": 436.6666666666667,
  "by_condition": {
    "A": {
      "min": 430,
      "max": 444,
      "span": 14,
      "mean": 436.6666666666667
    },
    "B": {
      "min": 430,
      "max": 444,
      "span": 14,
      "mean": 436.6666666666667
    },
    "C": {
      "min": 430,
      "max": 444,
      "span": 14,
      "mean": 436.6666666666667
    },
    "D": {
      "min": 430,
      "max": 444,
      "span": 14,
      "mean": 436.6666666666667
    },
    "E": {
      "min": 430,
      "max": 444,
      "span": 14,
      "mean": 436.6666666666667
    },
    "F": {
      "min": 430,
      "max": 444,
      "span": 14,
      "mean": 436.6666666666667
    }
  }
}