{
  "_analysis_scope": {
    "levels": [
      "L3"
    ],
    "conditions": [
      "true_self",
      "shuffled",
      "null_control"
    ],
    "capture_format": "logits",
    "top_k": 8,
    "expert_id": 114
  },
  "L3": {
    "stats": {
      "true_self": {
        "n_generated_tokens": 1644,
        "n_layers": 40,
        "n_experts": 256,
        "W": 0.004709,
        "S": 0.036831,
        "Q": 0.127844,
        "n_selected_pairs": 2422,
        "n_total_pairs": 65760,
        "W_reconstructed_from_SQ": 0.004709,
        "per_layer_weight": [
          0.002168,
          0.004835,
          0.001631,
          0.004885,
          0.000661,
          0.013513,
          0.006408,
          0.0,
          0.019136,
          0.003323,
          0.004817,
          0.01066,
          0.000885,
          0.000906,
          0.032822,
          0.0,
          7e-05,
          0.005761,
          0.0,
          0.000457,
          0.022167,
          0.001285,
          0.002054,
          0.006263,
          0.001438,
          0.002129,
          0.024908,
          0.0,
          0.000356,
          0.001749,
          9.5e-05,
          0.000358,
          0.0,
          0.000335,
          0.00036,
          0.0076,
          0.0,
          0.003593,
          0.0,
          0.000715
        ],
        "per_layer_selection": [
          0.023723,
          0.044404,
          0.013382,
          0.045012,
          0.006691,
          0.090633,
          0.038929,
          0.0,
          0.178832,
          0.032847,
          0.051703,
          0.063869,
          0.008516,
          0.008516,
          0.216545,
          0.0,
          0.000608,
          0.042579,
          0.0,
          0.004258,
          0.208637,
          0.012165,
          0.02129,
          0.03528,
          0.01399,
          0.018856,
          0.1691,
          0.0,
          0.003041,
          0.012165,
          0.001217,
          0.00365,
          0.0,
          0.003041,
          0.003041,
          0.057786,
          0.0,
          0.03163,
          0.0,
          0.007299
        ],
        "per_layer_Q": [
          0.09138,
          0.108885,
          0.121863,
          0.108524,
          0.098784,
          0.149095,
          0.164615,
          0.0,
          0.107006,
          0.101171,
          0.09317,
          0.166903,
          0.103963,
          0.106399,
          0.15157,
          0.0,
          0.115496,
          0.135302,
          0.0,
          0.107252,
          0.106245,
          0.105641,
          0.096501,
          0.177514,
          0.102772,
          0.112895,
          0.147297,
          0.0,
          0.117215,
          0.143775,
          0.078467,
          0.098137,
          0.0,
          0.110017,
          0.118274,
          0.131527,
          0.0,
          0.113604,
          0.0,
          0.098018
        ],
        "deltanet_mean_weight": 0.005247,
        "deltanet_mean_selection": 0.041869,
        "attention_mean_weight": 0.003094,
        "attention_mean_selection": 0.021715,
        "layer20_weight": 0.022167,
        "layer20_selection": 0.208637,
        "capture_format": "logits",
        "top_k": 8,
        "generation_mask_coverage": 1.0,
        "deltanet_layers": [
          0,
          1,
          2,
          4,
          5,
          6,
          8,
          9,
          10,
          12,
          13,
          14,
          16,
          17,
          18,
          20,
          21,
          22,
          24,
          25,
          26,
          28,
          29,
          30,
          32,
          33,
          34,
          36,
          37,
          38
        ],
        "attention_layers": [
          3,
          7,
          11,
          15,
          19,
          23,
          27,
          31,
          35,
          39
        ]
      },
      "shuffled": {
        "n_generated_tokens": 650,
        "n_layers": 40,
        "n_experts": 256,
        "W": 0.006337,
        "S": 0.049731,
        "Q": 0.127416,
        "n_selected_pairs": 1293,
        "n_total_pairs": 26000,
        "W_reconstructed_from_SQ": 0.006337,
        "per_layer_weight": [
          0.002162,
          0.005457,
          0.001304,
          0.002422,
          0.000607,
          0.013212,
          0.009386,
          0.0,
          0.023335,
          0.003333,
          0.006052,
          0.013272,
          0.0,
          0.000444,
          0.041947,
          0.0,
          0.000178,
          0.010586,
          0.0,
          0.0,
          0.037193,
          0.000515,
          0.003917,
          0.011499,
          0.000343,
          0.000447,
          0.044918,
          0.0,
          0.001003,
          0.006673,
          0.0,
          0.000342,
          0.0,
          0.0,
          0.000124,
          0.01165,
          0.0,
          0.000965,
          0.0,
          0.000174
        ],
        "per_layer_selection": [
          0.026154,
          0.049231,
          0.013846,
          0.02,
          0.006154,
          0.095385,
          0.063077,
          0.0,
          0.229231,
          0.035385,
          0.066154,
          0.075385,
          0.0,
          0.004615,
          0.293846,
          0.0,
          0.001538,
          0.067692,
          0.0,
          0.0,
          0.34,
          0.006154,
          0.04,
          0.069231,
          0.004615,
          0.004615,
          0.307692,
          0.0,
          0.009231,
          0.049231,
          0.0,
          0.003077,
          0.0,
          0.0,
          0.001538,
          0.092308,
          0.0,
          0.010769,
          0.0,
          0.003077
        ],
        "per_layer_Q": [
          0.082652,
          0.110854,
          0.094195,
          0.121122,
          0.098617,
          0.138517,
          0.148802,
          0.0,
          0.101798,
          0.094188,
          0.091477,
          0.176061,
          0.0,
          0.096275,
          0.142751,
          0.0,
          0.115581,
          0.156377,
          0.0,
          0.0,
          0.10939,
          0.083621,
          0.097913,
          0.166102,
          0.074336,
          0.096833,
          0.145982,
          0.0,
          0.108651,
          0.135551,
          0.0,
          0.111299,
          0.0,
          0.0,
          0.080279,
          0.126208,
          0.0,
          0.089632,
          0.0,
          0.0567
        ],
        "deltanet_mean_weight": 0.007137,
        "deltanet_mean_selection": 0.057538,
        "attention_mean_weight": 0.003936,
        "attention_mean_selection": 0.026308,
        "layer20_weight": 0.037193,
        "layer20_selection": 0.34,
        "capture_format": "logits",
        "top_k": 8,
        "generation_mask_coverage": 1.0,
        "deltanet_layers": [
          0,
          1,
          2,
          4,
          5,
          6,
          8,
          9,
          10,
          12,
          13,
          14,
          16,
          17,
          18,
          20,
          21,
          22,
          24,
          25,
          26,
          28,
          29,
          30,
          32,
          33,
          34,
          36,
          37,
          38
        ],
        "attention_layers": [
          3,
          7,
          11,
          15,
          19,
          23,
          27,
          31,
          35,
          39
        ]
      },
      "null_control": {
        "n_generated_tokens": 2065,
        "n_layers": 40,
        "n_experts": 256,
        "W": 0.002566,
        "S": 0.020133,
        "Q": 0.127429,
        "n_selected_pairs": 1663,
        "n_total_pairs": 82600,
        "W_reconstructed_from_SQ": 0.002566,