{
  "_analysis_scope": {
    "levels": [
      "L3"
    ],
    "conditions": [
      "true_self",
      "shuffled",
      "null_control"
    ],
    "capture_format": "logits",
    "top_k": 8,
    "expert_id": 114
  },
  "L3": {
    "stats": {
      "true_self": {
        "n_generated_tokens": 2018,
        "n_layers": 40,
        "n_experts": 256,
        "W": 0.005326,
        "S": 0.040857,
        "Q": 0.130366,
        "n_selected_pairs": 3298,
        "n_total_pairs": 80720,
        "W_reconstructed_from_SQ": 0.005326,
        "per_layer_weight": [
          0.002199,
          0.006889,
          0.001668,
          0.00361,
          0.001112,
          0.012817,
          0.010132,
          0.0,
          0.018796,
          0.000805,
          0.008284,
          0.010794,
          0.000505,
          0.001906,
          0.026621,
          0.0,
          0.0,
          0.016596,
          4e-05,
          0.000419,
          0.021898,
          0.000597,
          0.007148,
          0.01,
          9e-05,
          0.000494,
          0.024426,
          0.0,
          0.00083,
          0.010583,
          0.000531,
          0.001044,
          0.0,
          0.000686,
          0.000605,
          0.010029,
          7.7e-05,
          0.000565,
          0.0,
          0.000257
        ],
        "per_layer_selection": [
          0.022795,
          0.056987,
          0.015857,
          0.029237,
          0.011397,
          0.0778,
          0.060951,
          0.0,
          0.174926,
          0.00892,
          0.08226,
          0.060456,
          0.005946,
          0.017839,
          0.181368,
          0.0,
          0.0,
          0.104559,
          0.000496,
          0.004955,
          0.212091,
          0.006442,
          0.065907,
          0.057978,
          0.000991,
          0.004955,
          0.172448,
          0.0,
          0.007433,
          0.069376,
          0.006442,
          0.009911,
          0.0,
          0.007929,
          0.006938,
          0.079286,
          0.000991,
          0.006442,
          0.0,
          0.001982
        ],
        "per_layer_Q": [
          0.096467,
          0.120884,
          0.10516,
          0.123478,
          0.097597,
          0.164742,
          0.166229,
          0.0,
          0.107454,
          0.090298,
          0.100708,
          0.178542,
          0.085007,
          0.106848,
          0.146781,
          0.0,
          0.0,
          0.158728,
          0.079756,
          0.084462,
          0.10325,
          0.092601,
          0.108459,
          0.172479,
          0.090598,
          0.099756,
          0.141641,
          0.0,
          0.111711,
          0.152549,
          0.082458,
          0.105369,
          0.0,
          0.086557,
          0.087142,
          0.126491,
          0.077894,
          0.087715,
          0.0,
          0.129736
        ],
        "deltanet_mean_weight": 0.005897,
        "deltanet_mean_selection": 0.04635,
        "attention_mean_weight": 0.003615,
        "attention_mean_selection": 0.024381,
        "layer20_weight": 0.021898,
        "layer20_selection": 0.212091,
        "capture_format": "logits",
        "top_k": 8,
        "generation_mask_coverage": 1.0,
        "deltanet_layers": [
          0,
          1,
          2,
          4,
          5,
          6,
          8,
          9,
          10,
          12,
          13,
          14,
          16,
          17,
          18,
          20,
          21,
          22,
          24,
          25,
          26,
          28,
          29,
          30,
          32,
          33,
          34,
          36,
          37,
          38
        ],
        "attention_layers": [
          3,
          7,
          11,
          15,
          19,
          23,
          27,
          31,
          35,
          39
        ]
      },
      "shuffled": {
        "n_generated_tokens": 2198,
        "n_layers": 40,
        "n_experts": 256,
        "W": 0.005314,
        "S": 0.040582,
        "Q": 0.130949,
        "n_selected_pairs": 3568,
        "n_total_pairs": 87920,
        "W_reconstructed_from_SQ": 0.005314,
        "per_layer_weight": [
          0.002496,
          0.006045,
          0.001449,
          0.002817,
          0.000904,
          0.011953,
          0.008831,
          0.0,
          0.023875,
          0.00147,
          0.009684,
          0.010245,
          0.000936,
          0.001585,
          0.026868,
          0.0,
          0.0,
          0.011845,
          0.000188,
          0.000359,
          0.023937,
          0.000976,
          0.008402,
          0.008982,
          0.000339,
          0.00076,
          0.027079,
          0.0,
          0.000838,
          0.007075,
          8e-05,
          0.000635,
          0.0,
          0.000563,
          0.000605,
          0.009598,
          3.8e-05,
          0.000613,
          0.0,
          0.000496
        ],
        "per_layer_selection": [
          0.024113,
          0.048681,
          0.015469,
          0.022293,
          0.009099,
          0.078708,
          0.05596,
          0.0,
          0.201547,
          0.015469,
          0.092812,
          0.06051,
          0.010009,
          0.015014,
          0.175159,
          0.0,
          0.0,
          0.076433,
          0.00182,
          0.004095,
          0.220655,
          0.010464,
          0.071429,
          0.052775,
          0.004095,
          0.007734,
          0.191538,
          0.0,
          0.008189,
          0.045951,
          0.00091,
          0.005914,
          0.0,
          0.006824,
          0.007279,
          0.070974,
          0.000455,
          0.006824,
          0.0,
          0.004095
        ],
        "per_layer_Q": [
          0.103526,
          0.124187,
          0.093698,
          0.126354,
          0.099395,
          0.15186,
          0.157802,
          0.0,
          0.118457,
          0.095015,
          0.104345,
          0.16931,
          0.093505,
          0.105572,
          0.153391,
          0.0,
          0.0,
          0.15497,
          0.103483,
          0.087645,
          0.108481,
          0.093319,
          0.117634,
          0.170195,
          0.082906,
          0.098201,
          0.141377,
          0.0,
          0.10237,
          0.153971,
          0.088189,
          0.107316,
          0.0,
          0.082566,
          0.083116,
          0.135233,
          0.083545,
          0.089855,
          0.0,
          0.121228
        ],
        "deltanet_mean_weight": 0.005981,
        "deltanet_mean_selection": 0.046755,
        "attention_mean_weight": 0.003313,
        "attention_mean_selection": 0.022066,
        "layer20_weight": 0.023937,
        "layer20_selection": 0.220655,
        "capture_format": "logits",
        "top_k": 8,
        "generation_mask_coverage": 1.0,
        "deltanet_layers": [
          0,
          1,
          2,
          4,
          5,
          6,
          8,
          9,
          10,
          12,
          13,
          14,
          16,
          17,
          18,
          20,
          21,
          22,
          24,
          25,
          26,
          28,
          29,
          30,
          32,
          33,
          34,
          36,
          37,
          38
        ],
        "attention_layers": [
          3,
          7,
          11,
          15,
          19,
          23,
          27,
          31,
          35,
          39
        ]
      },
      "null_control": {
        "n_generated_tokens": 2194,
        "n_layers": 40,
        "n_experts": 256,
        "W": 0.002749,
        "S": 0.022026,
        "Q": 0.124801,
        "n_selected_pairs": 1933,
        "n_total_pairs": 87760,
        "W_reconstructed_from_SQ": 0.002749,